{
	"summary": {
		"status": 200,
		"message": "Ok",
		"results": 208,
		"start_date": "2014-01-01T00:00:00+00:00",
		"end_date": "2017-07-28T23:59:59+00:00",
		"offset": 0,
		"limit": 300,
		"previous": null,
		"next": null,
		"params": {
			"start_date": "2014-01-01T00:00:00+00:00",
			"end_date": null,
			"expanded": true,
			"offset": 0,
			"limit": 300
		}
	},
	"fitness": [{
		"_id": "5978d07ab618227fd2b6947a",
		"active_duration": 2630000,   // milliseconds
		"activity_category": "Running",
		"activity_id": "9014000712",
		"activity_level": [{
			"minutes": 0,
			"name": "sedentary"
		}, {
			"minutes": 0,
			"name": "lightly"
		}, {
			"minutes": 0,
			"name": "fairly"
		}, {
			"minutes": 44,
			"name": "very"
		}],
		"activity_name": "Run",
		"activity_type_id": 90009,
		"average_heart_rate": 156,
		"calories": 542.0,
		"distance": 9171.210000000001,
		"distance_unit": "Kilometer",
		"duration": 2630.0, // this one
		"heart_rate_zones": [{
			"max": 94,
			"min": 30,
			"minutes": 0,
			"name": "Out of Range"
		}, {
			"max": 132,
			"min": 94,
			"minutes": 1,
			"name": "Fat Burn"
		}, {
			"max": 160,
			"min": 132,
			"minutes": 16,
			"name": "Cardio"
		}, {
			"max": 220,
			"min": 160,
			"minutes": 27,
			"name": "Peak"
		}],
		"intensity": null,
		"last_modified": "2017-07-26T14:30:47.000Z",
		"last_updated": "2017-07-26T17:25:14+00:00",
		"log_id": 9014000712,
		"log_type": "mobile_run",
		"manual_values_specified": {
			"calories": false,
			"distance": false,
			"steps": false
		},
		"pace": "286.76695877643186",
		"resting_heart_rate": null,
		"source": "fitbit",
		"source_name": "Fitbit",
		"speed": "12.553747528517112",
		"start_time": "2017-07-26T06:46:52-07:00",
		"steps": 7268,
		"timestamp": "2017-07-26T13:46:52+00:00",
		"type": "Run",
		"user_id": "5978861584cf4c2ca50530aa",
		"utc_offset": "-07:00",
		"validated": true
	}]
  }
